{
    "LinearRegression": 0.8804311859808921,
    "DecisionTreeRegressor": 0.7436080782975478,
    "RandomForestRegressor": 0.8512379626481015,
    "AdaBoostRegressor": 0.8542504937641224,
    "GradientBoostRegressor": 0.8745989254751877,
    "XGBRegressor": 0.8628772402712002,
    "CatBoostRegressor": 0.8566301224032382
}